"rec01qMtyF7bCjmw4",
"rec02PsHB74KMRsIG",
"rec05KYjmyGMFsj4I",
"rec087gVKvgBADQl6",
"rec09h6ue3r0f3JQw",
"rec0B5rcCA0h5Y9jC",
"rec0BDy9eYxKubgDz",
"rec0BiDWjh8GzS9uz",
"rec0FO17LYk6iEpCH","1813331562"
"rec0GTUeVwm57cWJR","1464185346"
"rec0I1ikuW5JGEwtP",
"rec0KQuQkwFUrCwAQ",
"rec0OhxXgciIQdHCo",
"rec0PlRDRnAGummfr",
"rec0ToxuqqzPmiAzQ","1688338745"
"rec0U2EeROcqKk7eC",
"rec0UN1ZKq2VSyrNM","1823824197"
"rec0XlovHLgtnk091",
"rec0YaYYjT4uAMpfP",
"rec0Yc5og9bpyaLkP",
"rec0YijlyOKcfjwI4",
"rec0aTPwtM3WQqMpp",
"rec0cCjZbwRLJLaAu",
"rec0cYg4Psu7eindJ",
"rec0fGJR2fxju0ek4","1756783504"
"rec0glu4OyuIYRZka",
"rec0hygeGfLEIXl2b","1738646720"
"rec0jXoG5draI2naG",
"rec0kGDvEU96gEdlo",
"rec0kipWtHCO7YPdJ",
"rec0n3OyUN2Kwg8rw",
"rec0nV0J4XN5NafWn",
"rec0oIrZSMjWQpeyy","1757135599"
"rec0pLmTHaxGdONTR",
"rec0qRZIVI2yTGNGR","1813775547"
"rec0ryUg59zvN8p0y",
"rec0tU3CV18WxnFXK",
"rec0u7cSsbrsWGCg0",
"rec0vVgrPrMkjv2zB",
"rec0yBYLsDq4znqQt","1427003436"
"rec12FJ725Y3xUD6S",
"rec13BayUHBhyT9ke",
"rec15fjAlGFYmZE5L",
"rec16Nq6RELeDDqsr",
"rec17GHwaNHEegNqd",
"rec18CX5brD5Ezg8U","1712280410"
"rec18vUIZPvWMAsQd",
"rec1A7ndstW5s4NzO",
"rec1AeRN63YhStDS5",
"rec1FtZe326FwAs5u",
"rec1Ir6s81UDSxyqt",
"rec1NuVYqkJ5L6wHJ",
"rec1P3NVfZxtTNKuk","1799631927"
"rec1P3y9bny6ccQdn",
"rec1Po8PfLPvp6IAy",
"rec1QI3n5AvpbOaSb","1821202272"
"rec1QhDFen7A9zbQg",
"rec1RMNj0yGNvVCcJ","1650009109"
"rec1SLttDYvMbQ6M7","1649449264"
"rec1SiJ86bwHJq9FU",
"rec1TXEdiyLM1rgIZ",
"rec1Tw0CqUaVrJLIG","1659214444"
"rec1VOxigWG3ggGTd",
"rec1VX0fdsvj8qduR",
"rec1XZcRczTSToCO4",
"rec1XmXOKpmY3L5es","1819002012"
"rec1Y247xkJoVgIJM",
"rec1YSexMLURyKeSA",
"rec1dUVLz33JOgjZf",
"rec1ilyRvA4kQZCXG",
"rec1n7iZW6taL1DQ8",
"rec1nFiZOS5hqmWsO","1597227979"
"rec1ptPvwBRPHcPLD",
"rec1pzjl0G8QUwgWx",
"rec1sOF5Tx1bA72gJ",
"rec1sfkjhHqmx99Ss",
"rec1t3JPvMrCiqjqj",
"rec1w68z9EW78riNV","1819340907"
"rec1wNF8LoFHc1UI6",
"rec21hjclCLiCmbGr",
"rec23HZOIQhKDATxK",
"rec24zmOmKManpGi4","1752968569"
"rec29qykvc0d9HkNV",
"rec2A7BkXoePt3Zeu",
"rec2BTTijNliT3fx1",
"rec2Cp8VKnjuMdg18","1785075925"
"rec2ErsAXnNftHqPo",
"rec2F522ViEPzPdjo",
"rec2GgmaH8GhFie4O",
"rec2Grlk0idWYqdHX",
"rec2HzYw8l6v5yK33",
"rec2Ilh5cb3R2yLmu",
"rec2Kak0tkQexiYzW",
"rec2Lu78VEzZG5UuN",
"rec2MawBZl5JQK5y4","1810320655"
"rec2OIz4g41U6MfOc","1767465904"
"rec2OLI7UzSEYM1pt",
"rec2Pvplo2temHIrw",
"rec2T3afZyeyMwYqw","1605300694"
"rec2WFUQg5cCKXIN2","1791030985"
